;map;mrr
valores;0.331051247951743;0.4886760838902896
