;map;mrr
valores;0.17019115707106724;0.21237748768657952
